{
  "configVersion": 1,
  "timestamp": 1587045607777,
  "index": "/index.html",
  "assetGroups": [
    {
      "name": "app",
      "installMode": "prefetch",
      "updateMode": "prefetch",
      "urls": [
        "/2-es2015.7b4980043016ec1463cd.js",
        "/2-es5.7b4980043016ec1463cd.js",
        "/3-es2015.dfd4a778690eb44a1793.js",
        "/3-es5.dfd4a778690eb44a1793.js",
        "/4-es2015.31e5f3477bc3748553b4.js",
        "/4-es5.31e5f3477bc3748553b4.js",
        "/5-es2015.510890cb81d5f342d4be.js",
        "/5-es5.510890cb81d5f342d4be.js",
        "/6-es2015.815d7d137fc08c828fb5.js",
        "/6-es5.815d7d137fc08c828fb5.js",
        "/7-es2015.f53da072ebda922350a7.js",
        "/7-es5.f53da072ebda922350a7.js",
        "/92-es2015.550d99810b49dfb4630e.js",
        "/92-es5.550d99810b49dfb4630e.js",
        "/93-es2015.135db5759b36c173433c.js",
        "/93-es5.135db5759b36c173433c.js",
        "/94-es2015.ffe2fe95edb1b38db84c.js",
        "/94-es5.ffe2fe95edb1b38db84c.js",
        "/95-es2015.a1a0f2c5fbd82ff985fc.js",
        "/95-es5.a1a0f2c5fbd82ff985fc.js",
        "/common-es2015.648f542615bf3cd1df67.js",
        "/common-es5.648f542615bf3cd1df67.js",
        "/index.html",
        "/main-es2015.bb1a490c958c9ee71283.js",
        "/main-es5.bb1a490c958c9ee71283.js",
        "/manifest.webmanifest",
        "/polyfills-es2015.c1f142d23713235da53a.js",
        "/polyfills-es5.3f81798dab399e8c607f.js",
        "/runtime-es2015.35d91d5ac75782e656a2.js",
        "/runtime-es5.35d91d5ac75782e656a2.js",
        "/stencil-ion-action-sheet-ios-entry-js-es2015.8a8a593f8486c2d30d00.js",
        "/stencil-ion-action-sheet-ios-entry-js-es5.8a8a593f8486c2d30d00.js",
        "/stencil-ion-action-sheet-md-entry-js-es2015.2698a9c5259ee2341e83.js",
        "/stencil-ion-action-sheet-md-entry-js-es5.2698a9c5259ee2341e83.js",
        "/stencil-ion-alert-ios-entry-js-es2015.2619b1f6a4e7569ed3f8.js",
        "/stencil-ion-alert-ios-entry-js-es5.2619b1f6a4e7569ed3f8.js",
        "/stencil-ion-alert-md-entry-js-es2015.b80cb387860cdc6b60c4.js",
        "/stencil-ion-alert-md-entry-js-es5.b80cb387860cdc6b60c4.js",
        "/stencil-ion-app_8-ios-entry-js-es2015.73098bf94839ce134d83.js",
        "/stencil-ion-app_8-ios-entry-js-es5.73098bf94839ce134d83.js",
        "/stencil-ion-app_8-md-entry-js-es2015.9289668c8003d7eb1cd5.js",
        "/stencil-ion-app_8-md-entry-js-es5.9289668c8003d7eb1cd5.js",
        "/stencil-ion-avatar_3-ios-entry-js-es2015.a284641e8181635412ee.js",
        "/stencil-ion-avatar_3-ios-entry-js-es5.a284641e8181635412ee.js",
        "/stencil-ion-avatar_3-md-entry-js-es2015.baf8bbe5bc4a8850aefa.js",
        "/stencil-ion-avatar_3-md-entry-js-es5.baf8bbe5bc4a8850aefa.js",
        "/stencil-ion-back-button-ios-entry-js-es2015.c7de1c21eca63f61eb9c.js",
        "/stencil-ion-back-button-ios-entry-js-es5.c7de1c21eca63f61eb9c.js",
        "/stencil-ion-back-button-md-entry-js-es2015.f3a019c6fd4ba06dc415.js",
        "/stencil-ion-back-button-md-entry-js-es5.f3a019c6fd4ba06dc415.js",
        "/stencil-ion-backdrop-ios-entry-js-es2015.f0001ee9c238b2e67291.js",
        "/stencil-ion-backdrop-ios-entry-js-es5.f0001ee9c238b2e67291.js",
        "/stencil-ion-backdrop-md-entry-js-es2015.d14c3b2e791c4280944d.js",
        "/stencil-ion-backdrop-md-entry-js-es5.d14c3b2e791c4280944d.js",
        "/stencil-ion-button_2-ios-entry-js-es2015.3cccbbb7bf40f73fd82f.js",
        "/stencil-ion-button_2-ios-entry-js-es5.3cccbbb7bf40f73fd82f.js",
        "/stencil-ion-button_2-md-entry-js-es2015.29d2c53ff789f0fd753c.js",
        "/stencil-ion-button_2-md-entry-js-es5.29d2c53ff789f0fd753c.js",
        "/stencil-ion-card_5-ios-entry-js-es2015.130e196cbd92b9e069bb.js",
        "/stencil-ion-card_5-ios-entry-js-es5.130e196cbd92b9e069bb.js",
        "/stencil-ion-card_5-md-entry-js-es2015.6adbfaf4c40df58151f1.js",
        "/stencil-ion-card_5-md-entry-js-es5.6adbfaf4c40df58151f1.js",
        "/stencil-ion-checkbox-ios-entry-js-es2015.74bf1db23a6fff9dbe52.js",
        "/stencil-ion-checkbox-ios-entry-js-es5.74bf1db23a6fff9dbe52.js",
        "/stencil-ion-checkbox-md-entry-js-es2015.ff3683fc61bc74c3f0e7.js",
        "/stencil-ion-checkbox-md-entry-js-es5.ff3683fc61bc74c3f0e7.js",
        "/stencil-ion-chip-ios-entry-js-es2015.a2b6ab21c9bd185ebd49.js",
        "/stencil-ion-chip-ios-entry-js-es5.a2b6ab21c9bd185ebd49.js",
        "/stencil-ion-chip-md-entry-js-es2015.ad030498416ea2e16632.js",
        "/stencil-ion-chip-md-entry-js-es5.ad030498416ea2e16632.js",
        "/stencil-ion-col_3-entry-js-es2015.89f7062346195391dd01.js",
        "/stencil-ion-col_3-entry-js-es5.89f7062346195391dd01.js",
        "/stencil-ion-datetime_3-ios-entry-js-es2015.11a0506ad5addf91b73f.js",
        "/stencil-ion-datetime_3-ios-entry-js-es5.11a0506ad5addf91b73f.js",
        "/stencil-ion-datetime_3-md-entry-js-es2015.250fc75c3067c8e95452.js",
        "/stencil-ion-datetime_3-md-entry-js-es5.250fc75c3067c8e95452.js",
        "/stencil-ion-fab_3-ios-entry-js-es2015.4698b9eff91a80e05415.js",
        "/stencil-ion-fab_3-ios-entry-js-es5.4698b9eff91a80e05415.js",
        "/stencil-ion-fab_3-md-entry-js-es2015.31129ba229801615b6aa.js",
        "/stencil-ion-fab_3-md-entry-js-es5.31129ba229801615b6aa.js",
        "/stencil-ion-img-entry-js-es2015.5b8396f7660d2318932c.js",
        "/stencil-ion-img-entry-js-es5.5b8396f7660d2318932c.js",
        "/stencil-ion-infinite-scroll_2-ios-entry-js-es2015.1fef2ab7bd7341fbd7ac.js",
        "/stencil-ion-infinite-scroll_2-ios-entry-js-es5.1fef2ab7bd7341fbd7ac.js",
        "/stencil-ion-infinite-scroll_2-md-entry-js-es2015.3e0696bb7a505adba211.js",
        "/stencil-ion-infinite-scroll_2-md-entry-js-es5.3e0696bb7a505adba211.js",
        "/stencil-ion-input-ios-entry-js-es2015.0575f26ae4b416186a0c.js",
        "/stencil-ion-input-ios-entry-js-es5.0575f26ae4b416186a0c.js",
        "/stencil-ion-input-md-entry-js-es2015.a378ad1c21ea91097fd4.js",
        "/stencil-ion-input-md-entry-js-es5.a378ad1c21ea91097fd4.js",
        "/stencil-ion-item-option_3-ios-entry-js-es2015.f2ac3ddbd9422c06b691.js",
        "/stencil-ion-item-option_3-ios-entry-js-es5.f2ac3ddbd9422c06b691.js",
        "/stencil-ion-item-option_3-md-entry-js-es2015.2af0dd7ecc72a4fd24bb.js",
        "/stencil-ion-item-option_3-md-entry-js-es5.2af0dd7ecc72a4fd24bb.js",
        "/stencil-ion-item_8-ios-entry-js-es2015.43286e6c50766a652bd6.js",
        "/stencil-ion-item_8-ios-entry-js-es5.43286e6c50766a652bd6.js",
        "/stencil-ion-item_8-md-entry-js-es2015.e101e3fa3c10f8073306.js",
        "/stencil-ion-item_8-md-entry-js-es5.e101e3fa3c10f8073306.js",
        "/stencil-ion-loading-ios-entry-js-es2015.c906297d0a009c51a358.js",
        "/stencil-ion-loading-ios-entry-js-es5.c906297d0a009c51a358.js",
        "/stencil-ion-loading-md-entry-js-es2015.080606815727f153f48f.js",
        "/stencil-ion-loading-md-entry-js-es5.080606815727f153f48f.js",
        "/stencil-ion-menu_3-ios-entry-js-es2015.79acbf198069f21dc521.js",
        "/stencil-ion-menu_3-ios-entry-js-es5.79acbf198069f21dc521.js",
        "/stencil-ion-menu_3-md-entry-js-es2015.318cbb40eaa3e57d6134.js",
        "/stencil-ion-menu_3-md-entry-js-es5.318cbb40eaa3e57d6134.js",
        "/stencil-ion-modal-ios-entry-js-es2015.e7421d4dc853933bde78.js",
        "/stencil-ion-modal-ios-entry-js-es5.e7421d4dc853933bde78.js",
        "/stencil-ion-modal-md-entry-js-es2015.3a768b08a23b2383f3b2.js",
        "/stencil-ion-modal-md-entry-js-es5.3a768b08a23b2383f3b2.js",
        "/stencil-ion-nav_2-entry-js-es2015.c22cacaf9045b4f3aae9.js",
        "/stencil-ion-nav_2-entry-js-es5.c22cacaf9045b4f3aae9.js",
        "/stencil-ion-popover-ios-entry-js-es2015.9e97ee229d3e2e92ce11.js",
        "/stencil-ion-popover-ios-entry-js-es5.9e97ee229d3e2e92ce11.js",
        "/stencil-ion-popover-md-entry-js-es2015.6b5a904f64271e39a363.js",
        "/stencil-ion-popover-md-entry-js-es5.6b5a904f64271e39a363.js",
        "/stencil-ion-progress-bar-ios-entry-js-es2015.bdbbb58c692a57f597cb.js",
        "/stencil-ion-progress-bar-ios-entry-js-es5.bdbbb58c692a57f597cb.js",
        "/stencil-ion-progress-bar-md-entry-js-es2015.a616dcde7dd4bcb0f724.js",
        "/stencil-ion-progress-bar-md-entry-js-es5.a616dcde7dd4bcb0f724.js",
        "/stencil-ion-radio_2-ios-entry-js-es2015.d1b57e562fa63a4bdde4.js",
        "/stencil-ion-radio_2-ios-entry-js-es5.d1b57e562fa63a4bdde4.js",
        "/stencil-ion-radio_2-md-entry-js-es2015.d2142a7fc6e44bce1be3.js",
        "/stencil-ion-radio_2-md-entry-js-es5.d2142a7fc6e44bce1be3.js",
        "/stencil-ion-range-ios-entry-js-es2015.94b178333a5e9716e29e.js",
        "/stencil-ion-range-ios-entry-js-es5.94b178333a5e9716e29e.js",
        "/stencil-ion-range-md-entry-js-es2015.4d3d57c0524bb8484fe1.js",
        "/stencil-ion-range-md-entry-js-es5.4d3d57c0524bb8484fe1.js",
        "/stencil-ion-refresher_2-ios-entry-js-es2015.e1f6749434be2a935a2b.js",
        "/stencil-ion-refresher_2-ios-entry-js-es5.e1f6749434be2a935a2b.js",
        "/stencil-ion-refresher_2-md-entry-js-es2015.a25a402db43d20ab5680.js",
        "/stencil-ion-refresher_2-md-entry-js-es5.a25a402db43d20ab5680.js",
        "/stencil-ion-reorder_2-ios-entry-js-es2015.c99e4ac27f4725d83cf1.js",
        "/stencil-ion-reorder_2-ios-entry-js-es5.c99e4ac27f4725d83cf1.js",
        "/stencil-ion-reorder_2-md-entry-js-es2015.e5611a0e2583b31befe9.js",
        "/stencil-ion-reorder_2-md-entry-js-es5.e5611a0e2583b31befe9.js",
        "/stencil-ion-ripple-effect-entry-js-es2015.b8d4046ec874c662a234.js",
        "/stencil-ion-ripple-effect-entry-js-es5.b8d4046ec874c662a234.js",
        "/stencil-ion-route_4-entry-js-es2015.fbb4afd0bf3fcf0fd922.js",
        "/stencil-ion-route_4-entry-js-es5.fbb4afd0bf3fcf0fd922.js",
        "/stencil-ion-searchbar-ios-entry-js-es2015.59294e32a79c50d33688.js",
        "/stencil-ion-searchbar-ios-entry-js-es5.59294e32a79c50d33688.js",
        "/stencil-ion-searchbar-md-entry-js-es2015.84c11deb92cf8869147d.js",
        "/stencil-ion-searchbar-md-entry-js-es5.84c11deb92cf8869147d.js",
        "/stencil-ion-segment_2-ios-entry-js-es2015.7a93ee924f2d4b7182d9.js",
        "/stencil-ion-segment_2-ios-entry-js-es5.7a93ee924f2d4b7182d9.js",
        "/stencil-ion-segment_2-md-entry-js-es2015.0c407f90a595b14ea9dc.js",
        "/stencil-ion-segment_2-md-entry-js-es5.0c407f90a595b14ea9dc.js",
        "/stencil-ion-select_3-ios-entry-js-es2015.fdb80304171b3f3aebcb.js",
        "/stencil-ion-select_3-ios-entry-js-es5.fdb80304171b3f3aebcb.js",
        "/stencil-ion-select_3-md-entry-js-es2015.72f02fca80c8e37dba2f.js",
        "/stencil-ion-select_3-md-entry-js-es5.72f02fca80c8e37dba2f.js",
        "/stencil-ion-slide_2-ios-entry-js-es2015.0da854ffe55a91ad84b8.js",
        "/stencil-ion-slide_2-ios-entry-js-es5.0da854ffe55a91ad84b8.js",
        "/stencil-ion-slide_2-md-entry-js-es2015.5aa42ce17448578297d6.js",
        "/stencil-ion-slide_2-md-entry-js-es5.5aa42ce17448578297d6.js",
        "/stencil-ion-spinner-entry-js-es2015.6a72e36b6a3d869ef2d3.js",
        "/stencil-ion-spinner-entry-js-es5.6a72e36b6a3d869ef2d3.js",
        "/stencil-ion-split-pane-ios-entry-js-es2015.31a5bb203aaa73a575a7.js",
        "/stencil-ion-split-pane-ios-entry-js-es5.31a5bb203aaa73a575a7.js",
        "/stencil-ion-split-pane-md-entry-js-es2015.b0d16b66a9495cc154dd.js",
        "/stencil-ion-split-pane-md-entry-js-es5.b0d16b66a9495cc154dd.js",
        "/stencil-ion-tab-bar_2-ios-entry-js-es2015.d8e4cf4076b4c3060f05.js",
        "/stencil-ion-tab-bar_2-ios-entry-js-es5.d8e4cf4076b4c3060f05.js",
        "/stencil-ion-tab-bar_2-md-entry-js-es2015.d4fda64e7a2c47d79844.js",
        "/stencil-ion-tab-bar_2-md-entry-js-es5.d4fda64e7a2c47d79844.js",
        "/stencil-ion-tab_2-entry-js-es2015.381a357ca120c728557c.js",
        "/stencil-ion-tab_2-entry-js-es5.381a357ca120c728557c.js",
        "/stencil-ion-text-entry-js-es2015.5359c6fca6ac9c5f9ed5.js",
        "/stencil-ion-text-entry-js-es5.5359c6fca6ac9c5f9ed5.js",
        "/stencil-ion-textarea-ios-entry-js-es2015.bf1c5c7416b71007dc8e.js",
        "/stencil-ion-textarea-ios-entry-js-es5.bf1c5c7416b71007dc8e.js",
        "/stencil-ion-textarea-md-entry-js-es2015.5ab3eca253aeb5e7be0f.js",
        "/stencil-ion-textarea-md-entry-js-es5.5ab3eca253aeb5e7be0f.js",
        "/stencil-ion-toast-ios-entry-js-es2015.8cf93e64c3a327cc5ab2.js",
        "/stencil-ion-toast-ios-entry-js-es5.8cf93e64c3a327cc5ab2.js",
        "/stencil-ion-toast-md-entry-js-es2015.70295d9b51a34372af43.js",
        "/stencil-ion-toast-md-entry-js-es5.70295d9b51a34372af43.js",
        "/stencil-ion-toggle-ios-entry-js-es2015.b25c15a670b702fb626c.js",
        "/stencil-ion-toggle-ios-entry-js-es5.b25c15a670b702fb626c.js",
        "/stencil-ion-toggle-md-entry-js-es2015.e83a5a17290709276015.js",
        "/stencil-ion-toggle-md-entry-js-es5.e83a5a17290709276015.js",
        "/stencil-ion-virtual-scroll-entry-js-es2015.2313cea2b2a756082ae0.js",
        "/stencil-ion-virtual-scroll-entry-js-es5.2313cea2b2a756082ae0.js",
        "/stencil-polyfills-core-js-es2015.c2db4a0f4c03d39b8ee3.js",
        "/stencil-polyfills-core-js-es5.c2db4a0f4c03d39b8ee3.js",
        "/stencil-polyfills-css-shim-es2015.42ba52b7927e934d1afe.js",
        "/stencil-polyfills-css-shim-es5.42ba52b7927e934d1afe.js",
        "/stencil-polyfills-dom-es2015.86b2a2ce1a37e48a57fe.js",
        "/stencil-polyfills-dom-es5.86b2a2ce1a37e48a57fe.js",
        "/styles.e1ffb0c1a71e73715d7c.css"
      ],
      "patterns": []
    },
    {
      "name": "assets",
      "installMode": "lazy",
      "updateMode": "prefetch",
      "urls": [
        "/assets/icon/favicon.png",
        "/assets/icons/icon-128x128.png",
        "/assets/icons/icon-144x144.png",
        "/assets/icons/icon-152x152.png",
        "/assets/icons/icon-192x192.png",
        "/assets/icons/icon-384x384.png",
        "/assets/icons/icon-512x512.png",
        "/assets/icons/icon-72x72.png",
        "/assets/icons/icon-96x96.png",
        "/assets/shapes.svg"
      ],
      "patterns": []
    }
  ],
  "dataGroups": [],
  "hashTable": {
    "/2-es2015.7b4980043016ec1463cd.js": "0bab15cb0a18df4ac0aa1f0425c7a583d9fbd636",
    "/2-es5.7b4980043016ec1463cd.js": "eea45310c1ace02e1beeeb3a07eeef9e48af92e1",
    "/3-es2015.dfd4a778690eb44a1793.js": "708a599574c6d96f09e62b58446342653ff3e2e8",
    "/3-es5.dfd4a778690eb44a1793.js": "1d1902adc8fe92bf3a7e33cc587a00a47d121a7e",
    "/4-es2015.31e5f3477bc3748553b4.js": "9fa1f218691cac6456ea75f5d07736850bc45906",
    "/4-es5.31e5f3477bc3748553b4.js": "fbcaa0286e1010d0b05816e36a0b7bc476f2add2",
    "/5-es2015.510890cb81d5f342d4be.js": "6fdbd92cbbf455d34ae3cbe0baa0eacb56670e49",
    "/5-es5.510890cb81d5f342d4be.js": "2f9ad3da7c8d494736a4c1244dd9372245f3962c",
    "/6-es2015.815d7d137fc08c828fb5.js": "684f1d632dcf41d53718e181e0b03bc559f39866",
    "/6-es5.815d7d137fc08c828fb5.js": "d4cfa25988b516fcc224213ca195b131fd621398",
    "/7-es2015.f53da072ebda922350a7.js": "0d9ea1344aa2468fccfcdbf1da47fc369a0e7b31",
    "/7-es5.f53da072ebda922350a7.js": "04c24a2516a883e0b2f1b7f842331b3ace502dda",
    "/92-es2015.550d99810b49dfb4630e.js": "d177c0d0800948961354cc3d64b29c8f4147a3ea",
    "/92-es5.550d99810b49dfb4630e.js": "374adb061c2cfd31d617769e50d95540bd879d3a",
    "/93-es2015.135db5759b36c173433c.js": "48c396cfae7d3aecb73e463a0882fcd32f32b197",
    "/93-es5.135db5759b36c173433c.js": "9c9eab9d9be55342044c9059581b5533667efecb",
    "/94-es2015.ffe2fe95edb1b38db84c.js": "548bb47318dbfcccccec49975c7afa757c2d049b",
    "/94-es5.ffe2fe95edb1b38db84c.js": "0a0e078ef8b9b13289cbecac6a3148ea22ea53b6",
    "/95-es2015.a1a0f2c5fbd82ff985fc.js": "18fa07ccf24154d743dbd69a90149fa46523b8f5",
    "/95-es5.a1a0f2c5fbd82ff985fc.js": "4fab2e89c6c823167888b3f9b3d187d7a8e7e324",
    "/assets/icon/favicon.png": "7798b8e0eb61d7375c245af78bbf5c916932bf13",
    "/assets/icons/icon-128x128.png": "dae3b6ed49bdaf4327b92531d4b5b4a5d30c7532",
    "/assets/icons/icon-144x144.png": "b0bd89982e08f9bd2b642928f5391915b74799a7",
    "/assets/icons/icon-152x152.png": "7479a9477815dfd9668d60f8b3b2fba709b91310",
    "/assets/icons/icon-192x192.png": "1abd80d431a237a853ce38147d8c63752f10933b",
    "/assets/icons/icon-384x384.png": "329749cd6393768d3131ed6304c136b1ca05f2fd",
    "/assets/icons/icon-512x512.png": "559d9c4318b45a1f2b10596bbb4c960fe521dbcc",
    "/assets/icons/icon-72x72.png": "c457e56089a36952cd67156f9996bc4ce54a5ed9",
    "/assets/icons/icon-96x96.png": "3914125a4b445bf111c5627875fc190f560daa41",
    "/assets/shapes.svg": "5413e95adabcb2cb639970051f55e0ddb64ace53",
    "/common-es2015.648f542615bf3cd1df67.js": "c56d4a784e781b2cae93372a1973ff4116fb48c7",
    "/common-es5.648f542615bf3cd1df67.js": "a9362d6544af1272c5d19637f2c76fe338dcecc3",
    "/index.html": "183f78a0b15bd0549812d2d3d72f2489cbb53fdf",
    "/main-es2015.bb1a490c958c9ee71283.js": "475af2a0a5acb2fbb074a5c04cac1f0c7322ff9f",
    "/main-es5.bb1a490c958c9ee71283.js": "9e23305e548b6499b8f30fff6969b09541ad0c7d",
    "/manifest.webmanifest": "9a088b7c4339228d1082e666ce105dc889bc180c",
    "/polyfills-es2015.c1f142d23713235da53a.js": "d09f5d54be882e501e006c5c097486eef3dbb188",
    "/polyfills-es5.3f81798dab399e8c607f.js": "c1691e038ec6ce2ed635fe4ad19bc62a4d7d8598",
    "/runtime-es2015.35d91d5ac75782e656a2.js": "5d09f1e6a24da5572e3306e709b18ff9ed9a18a7",
    "/runtime-es5.35d91d5ac75782e656a2.js": "9955d455039384546bd3be8593a172acb1a7465c",
    "/stencil-ion-action-sheet-ios-entry-js-es2015.8a8a593f8486c2d30d00.js": "ffa6f405770d6268f17e6463d65c117f868dfc35",
    "/stencil-ion-action-sheet-ios-entry-js-es5.8a8a593f8486c2d30d00.js": "bf33ba31cf1a884a1a13ead07470c1d83b84ba9e",
    "/stencil-ion-action-sheet-md-entry-js-es2015.2698a9c5259ee2341e83.js": "90de12d0e410a3c47166b6d7141df424684212d4",
    "/stencil-ion-action-sheet-md-entry-js-es5.2698a9c5259ee2341e83.js": "b480e24be246ce97272e03d4f832e8bf4b62e0ad",
    "/stencil-ion-alert-ios-entry-js-es2015.2619b1f6a4e7569ed3f8.js": "77ae5bcb30f3df58bc065937dfa73dab8c0ae230",
    "/stencil-ion-alert-ios-entry-js-es5.2619b1f6a4e7569ed3f8.js": "fb1ddb20e773eedcf1af42f1ca6246f745c4c7ba",
    "/stencil-ion-alert-md-entry-js-es2015.b80cb387860cdc6b60c4.js": "4c38a37265b320a882f5b62e69c446784f238c03",
    "/stencil-ion-alert-md-entry-js-es5.b80cb387860cdc6b60c4.js": "405353a3ccb17b395a024b2dad9b4f5e3cc11ef9",
    "/stencil-ion-app_8-ios-entry-js-es2015.73098bf94839ce134d83.js": "ef7bc14f5fb1063cae6d902950a5d89b46b16b35",
    "/stencil-ion-app_8-ios-entry-js-es5.73098bf94839ce134d83.js": "1e57953a493f74eb9678669a10abc97273382adc",
    "/stencil-ion-app_8-md-entry-js-es2015.9289668c8003d7eb1cd5.js": "d45d0def06d2d82e1badf1a0e308d47cde1d071d",
    "/stencil-ion-app_8-md-entry-js-es5.9289668c8003d7eb1cd5.js": "48e43251a78321251adfc374a916b4aa959796b9",
    "/stencil-ion-avatar_3-ios-entry-js-es2015.a284641e8181635412ee.js": "4ddd1d1eccc8bb36867d4ed06644700269e3deff",
    "/stencil-ion-avatar_3-ios-entry-js-es5.a284641e8181635412ee.js": "0011fe97298c5c39ea72742920c0ae77dc8e10ef",
    "/stencil-ion-avatar_3-md-entry-js-es2015.baf8bbe5bc4a8850aefa.js": "b9dd51e2f57b1963bf5cd818be9d2a0dc964f8f5",
    "/stencil-ion-avatar_3-md-entry-js-es5.baf8bbe5bc4a8850aefa.js": "cd0f74f654bc6ada8ed7f3188aade833ab925bad",
    "/stencil-ion-back-button-ios-entry-js-es2015.c7de1c21eca63f61eb9c.js": "35c924030bc8fa0b5a96581e6c07ea07d7bc5224",
    "/stencil-ion-back-button-ios-entry-js-es5.c7de1c21eca63f61eb9c.js": "40ceb6c6e27a505e38d28b1a4548b8e6b3b9bc12",
    "/stencil-ion-back-button-md-entry-js-es2015.f3a019c6fd4ba06dc415.js": "2babcb48db07ef1e32aa1572403019b1433c9859",
    "/stencil-ion-back-button-md-entry-js-es5.f3a019c6fd4ba06dc415.js": "aff0694a19cdbc16a4cbce925289131509bc0183",
    "/stencil-ion-backdrop-ios-entry-js-es2015.f0001ee9c238b2e67291.js": "5c21b75c2119f2f8dde707c91ca96bcdfb53c1d5",
    "/stencil-ion-backdrop-ios-entry-js-es5.f0001ee9c238b2e67291.js": "67f0d3af699a356be9d2083934705113276d1371",
    "/stencil-ion-backdrop-md-entry-js-es2015.d14c3b2e791c4280944d.js": "4530e9064f83985173007025a5bae61bd5e0ea2f",
    "/stencil-ion-backdrop-md-entry-js-es5.d14c3b2e791c4280944d.js": "1bfc34d15a4411b22008e91c93dac95470113c84",
    "/stencil-ion-button_2-ios-entry-js-es2015.3cccbbb7bf40f73fd82f.js": "557c8cce34c373f74d235eb73b2eab9ff1be6f5d",
    "/stencil-ion-button_2-ios-entry-js-es5.3cccbbb7bf40f73fd82f.js": "77a2d1a00c9b4480efba42ab1fb29f6cf28ac39e",
    "/stencil-ion-button_2-md-entry-js-es2015.29d2c53ff789f0fd753c.js": "060bca619593b7123a09c2d895f382d4e2a472a4",
    "/stencil-ion-button_2-md-entry-js-es5.29d2c53ff789f0fd753c.js": "5deae3fea7f50da213fd14462deddf941525ec21",
    "/stencil-ion-card_5-ios-entry-js-es2015.130e196cbd92b9e069bb.js": "7ba3bd35fa6a812403eb43483447253c6cb2a8d9",
    "/stencil-ion-card_5-ios-entry-js-es5.130e196cbd92b9e069bb.js": "3a555e01785cbd967f582fb22929da8b30dfdae9",
    "/stencil-ion-card_5-md-entry-js-es2015.6adbfaf4c40df58151f1.js": "a6fc37943e3680af981d6bd487186a38e8d46b8e",
    "/stencil-ion-card_5-md-entry-js-es5.6adbfaf4c40df58151f1.js": "7372b8e7248aba8181bd4396156b08ec8ca4dd86",
    "/stencil-ion-checkbox-ios-entry-js-es2015.74bf1db23a6fff9dbe52.js": "a07cadb9af644ade156389622e6bfc73971d4119",
    "/stencil-ion-checkbox-ios-entry-js-es5.74bf1db23a6fff9dbe52.js": "1c08eb5ce98a920864c412be588d5176a134424b",
    "/stencil-ion-checkbox-md-entry-js-es2015.ff3683fc61bc74c3f0e7.js": "161d1c1de954c359186257603f04c1e2966a14c9",
    "/stencil-ion-checkbox-md-entry-js-es5.ff3683fc61bc74c3f0e7.js": "19e5e74966cf70ef6ef34678e31de995b489e2ab",
    "/stencil-ion-chip-ios-entry-js-es2015.a2b6ab21c9bd185ebd49.js": "f90b5cd6519fa3daff31406855b8f9794604cd50",
    "/stencil-ion-chip-ios-entry-js-es5.a2b6ab21c9bd185ebd49.js": "12097e5a8ab6f9b228b1fd5145e9a61000c110db",
    "/stencil-ion-chip-md-entry-js-es2015.ad030498416ea2e16632.js": "4cd8eebb504fa70771d6eb70e24222782c40de77",
    "/stencil-ion-chip-md-entry-js-es5.ad030498416ea2e16632.js": "2762eab6cdaca551619d0f088a1d44d6c744df3f",
    "/stencil-ion-col_3-entry-js-es2015.89f7062346195391dd01.js": "62b1e29377f2681b0f218f3804f1c04ccadde10c",
    "/stencil-ion-col_3-entry-js-es5.89f7062346195391dd01.js": "3282818e7324625c30a609c909fe866be1844c7c",
    "/stencil-ion-datetime_3-ios-entry-js-es2015.11a0506ad5addf91b73f.js": "95e8e2fef869fd8a73eee802df955f404f41e648",
    "/stencil-ion-datetime_3-ios-entry-js-es5.11a0506ad5addf91b73f.js": "1945a55cba2565a5594048e9077b03fb6d4e68ff",
    "/stencil-ion-datetime_3-md-entry-js-es2015.250fc75c3067c8e95452.js": "d82be5dbba83b79f9832fe1ffa5bbdf256fc2f32",
    "/stencil-ion-datetime_3-md-entry-js-es5.250fc75c3067c8e95452.js": "9a63c50d0ab929550dad1d570b95025a5c15c843",
    "/stencil-ion-fab_3-ios-entry-js-es2015.4698b9eff91a80e05415.js": "9844d0594d80d25a11cd39a1bf64303e433fad7b",
    "/stencil-ion-fab_3-ios-entry-js-es5.4698b9eff91a80e05415.js": "4e2561f6330c9b0dafd19d755c478614dbe37c92",
    "/stencil-ion-fab_3-md-entry-js-es2015.31129ba229801615b6aa.js": "33ed137a53c7a877b4f87c9854712b26666f00f7",
    "/stencil-ion-fab_3-md-entry-js-es5.31129ba229801615b6aa.js": "a9e47ff9e2b54f3a04024575b31a9a872402b30a",
    "/stencil-ion-img-entry-js-es2015.5b8396f7660d2318932c.js": "5de7b2ffadbde76b690023af9b4dc2acc907afd1",
    "/stencil-ion-img-entry-js-es5.5b8396f7660d2318932c.js": "9cf8507d7bc5a2b231de374736be4dcdb5a0e00f",
    "/stencil-ion-infinite-scroll_2-ios-entry-js-es2015.1fef2ab7bd7341fbd7ac.js": "04307cc764a20a12ddfb95e32216f79542f2d91c",
    "/stencil-ion-infinite-scroll_2-ios-entry-js-es5.1fef2ab7bd7341fbd7ac.js": "1d1685bedcd6ce3936bd58067d818d60d3cd2733",
    "/stencil-ion-infinite-scroll_2-md-entry-js-es2015.3e0696bb7a505adba211.js": "7cc3da4d7416d2da2da0569c5a382d348b1d0342",
    "/stencil-ion-infinite-scroll_2-md-entry-js-es5.3e0696bb7a505adba211.js": "cf13b2bbf259f0f566b2201b28876429b9eeb9ab",
    "/stencil-ion-input-ios-entry-js-es2015.0575f26ae4b416186a0c.js": "9800f981c0859877429ed8c9bb08f3688d511149",
    "/stencil-ion-input-ios-entry-js-es5.0575f26ae4b416186a0c.js": "232e40bc5052940ec3329806dcd0d19df12a3435",
    "/stencil-ion-input-md-entry-js-es2015.a378ad1c21ea91097fd4.js": "8559f7f912fea3824ec1f1b40f9ebd0762bf867b",
    "/stencil-ion-input-md-entry-js-es5.a378ad1c21ea91097fd4.js": "595cb5ced337e6cb09924a596a75fb66e05c1a69",
    "/stencil-ion-item-option_3-ios-entry-js-es2015.f2ac3ddbd9422c06b691.js": "43a3099179aabbd08f7e96294ec479a5a3e886b8",
    "/stencil-ion-item-option_3-ios-entry-js-es5.f2ac3ddbd9422c06b691.js": "60b4a92dc6b600a1eefb7568b1503a956fe5a9ca",
    "/stencil-ion-item-option_3-md-entry-js-es2015.2af0dd7ecc72a4fd24bb.js": "cb08e0d0485a2c385ea6edf938b7f74738d2a764",
    "/stencil-ion-item-option_3-md-entry-js-es5.2af0dd7ecc72a4fd24bb.js": "e1e3ce2a0e9b8747e6f6a18b1ff79e9d7fdc00b7",
    "/stencil-ion-item_8-ios-entry-js-es2015.43286e6c50766a652bd6.js": "d8271c14f492577e721746518b6ff5c02c25f126",
    "/stencil-ion-item_8-ios-entry-js-es5.43286e6c50766a652bd6.js": "2d696a0538b90d487e92857a7ca73afc1cd2f514",
    "/stencil-ion-item_8-md-entry-js-es2015.e101e3fa3c10f8073306.js": "dc71ac4098cfaeaf386fcd985cdcdda5ad40b06a",
    "/stencil-ion-item_8-md-entry-js-es5.e101e3fa3c10f8073306.js": "c764f20f8e2f261664d8b35308f71d3522d4f43f",
    "/stencil-ion-loading-ios-entry-js-es2015.c906297d0a009c51a358.js": "7e1da0993d8ba467506bf5b18dba5820ddfa1368",
    "/stencil-ion-loading-ios-entry-js-es5.c906297d0a009c51a358.js": "88d236f57cfe51e11f7b297a93f45ed584f23eec",
    "/stencil-ion-loading-md-entry-js-es2015.080606815727f153f48f.js": "dc9e754f604b9b68f2a8a15f790d4f0c6e6e2f38",
    "/stencil-ion-loading-md-entry-js-es5.080606815727f153f48f.js": "e211cf8cf5a5aa63e5c3a9cc58f6cb64e672ead8",
    "/stencil-ion-menu_3-ios-entry-js-es2015.79acbf198069f21dc521.js": "2f16c282003a4457bb53c8b559bf4f372a5491e2",
    "/stencil-ion-menu_3-ios-entry-js-es5.79acbf198069f21dc521.js": "6e482c98eae2ce0fe663240d2c6f0214592990a2",
    "/stencil-ion-menu_3-md-entry-js-es2015.318cbb40eaa3e57d6134.js": "b5e30b3892a7f42e10828847c4aeea84dba95658",
    "/stencil-ion-menu_3-md-entry-js-es5.318cbb40eaa3e57d6134.js": "ac495c4697a9e2c8c7efc5056837f8121d46f131",
    "/stencil-ion-modal-ios-entry-js-es2015.e7421d4dc853933bde78.js": "9ed46d959477c6f28cc75e83876a3fe0a3ed8b8a",
    "/stencil-ion-modal-ios-entry-js-es5.e7421d4dc853933bde78.js": "d440affbfc81d15378b631611352b93e7d7f7c4a",
    "/stencil-ion-modal-md-entry-js-es2015.3a768b08a23b2383f3b2.js": "186b50548df47355276a6e846234408f08e63787",
    "/stencil-ion-modal-md-entry-js-es5.3a768b08a23b2383f3b2.js": "9be2848116aa2cfcdbb52844315b329f6670377b",
    "/stencil-ion-nav_2-entry-js-es2015.c22cacaf9045b4f3aae9.js": "5c95a5e115338740d55ff3753f70cf9325cd10c0",
    "/stencil-ion-nav_2-entry-js-es5.c22cacaf9045b4f3aae9.js": "4579733e4ee7cbb6fdd3da5b9f373a109a55abf8",
    "/stencil-ion-popover-ios-entry-js-es2015.9e97ee229d3e2e92ce11.js": "f1614ca5abf865b671e1b02da8005bec0c72f423",
    "/stencil-ion-popover-ios-entry-js-es5.9e97ee229d3e2e92ce11.js": "9ceb4ed5a3d055cff18389c1ad16b43a338c1363",
    "/stencil-ion-popover-md-entry-js-es2015.6b5a904f64271e39a363.js": "2fb78079af9448c6c7615d31f10128ec3decbebe",
    "/stencil-ion-popover-md-entry-js-es5.6b5a904f64271e39a363.js": "600527e4eafed6d49ea4df0738208176a079fb1e",
    "/stencil-ion-progress-bar-ios-entry-js-es2015.bdbbb58c692a57f597cb.js": "3065a8bf55b6fe77bffb8a7e5c5fd322ef9da545",
    "/stencil-ion-progress-bar-ios-entry-js-es5.bdbbb58c692a57f597cb.js": "7fa64784dc06b78db444ce9ccc2baa23afcb5575",
    "/stencil-ion-progress-bar-md-entry-js-es2015.a616dcde7dd4bcb0f724.js": "5ce655fc6781caaf06c061e296094342a02b2dd3",
    "/stencil-ion-progress-bar-md-entry-js-es5.a616dcde7dd4bcb0f724.js": "b8b50fe66c82107d55c4bbdd15eae9acdc399abe",
    "/stencil-ion-radio_2-ios-entry-js-es2015.d1b57e562fa63a4bdde4.js": "d36fb06e75ae9e7bc9c963f55f232fbc1aff11b2",
    "/stencil-ion-radio_2-ios-entry-js-es5.d1b57e562fa63a4bdde4.js": "46d01240563a8707e68f0a67f11eedd25d3c1bc6",
    "/stencil-ion-radio_2-md-entry-js-es2015.d2142a7fc6e44bce1be3.js": "4dcf5e41cdf06fd19c88a478072ece3b02b36af5",
    "/stencil-ion-radio_2-md-entry-js-es5.d2142a7fc6e44bce1be3.js": "d24d703b932e040db9dd3285b8f26991f4df4fab",
    "/stencil-ion-range-ios-entry-js-es2015.94b178333a5e9716e29e.js": "8feb74dc9684e96ded84ad35ee79dc288e7ef254",
    "/stencil-ion-range-ios-entry-js-es5.94b178333a5e9716e29e.js": "741080f0834c8aa2d3226faac22a3c2f43ffc31c",
    "/stencil-ion-range-md-entry-js-es2015.4d3d57c0524bb8484fe1.js": "74602b1fdd943c988879eb6064045d6d43b6f99c",
    "/stencil-ion-range-md-entry-js-es5.4d3d57c0524bb8484fe1.js": "a495cd37fc72f6aca4b8f10a1cc17628b2462977",
    "/stencil-ion-refresher_2-ios-entry-js-es2015.e1f6749434be2a935a2b.js": "db78e6def486622c27196ba098f1e4376dbc1c5a",
    "/stencil-ion-refresher_2-ios-entry-js-es5.e1f6749434be2a935a2b.js": "7c8a934314cff8e388f8db597462f60c3225b314",
    "/stencil-ion-refresher_2-md-entry-js-es2015.a25a402db43d20ab5680.js": "ce806362ea79af68238adfacd45ca774b9864405",
    "/stencil-ion-refresher_2-md-entry-js-es5.a25a402db43d20ab5680.js": "2659d3f915a558ac87e2657da3aa712ffa00e8d5",
    "/stencil-ion-reorder_2-ios-entry-js-es2015.c99e4ac27f4725d83cf1.js": "39052f2361bf0e71b891bfa93bef9cd061ef86e7",
    "/stencil-ion-reorder_2-ios-entry-js-es5.c99e4ac27f4725d83cf1.js": "dccd3d3e03ba0e46440592d177a5c1a17a065a4d",
    "/stencil-ion-reorder_2-md-entry-js-es2015.e5611a0e2583b31befe9.js": "e94d11b7ccfea308935978f0603e3a3c98fd8db3",
    "/stencil-ion-reorder_2-md-entry-js-es5.e5611a0e2583b31befe9.js": "7bbf902beb258ff68aa8729f42e444fce3488b5e",
    "/stencil-ion-ripple-effect-entry-js-es2015.b8d4046ec874c662a234.js": "b40734afdf9984be081eb01c5e86ddc4ed75c45c",
    "/stencil-ion-ripple-effect-entry-js-es5.b8d4046ec874c662a234.js": "c5d42106ed15639d34afadd10442636dc65ee451",
    "/stencil-ion-route_4-entry-js-es2015.fbb4afd0bf3fcf0fd922.js": "17da8e4d6f583ed5328b46b28f0ccf3ac1ee954f",
    "/stencil-ion-route_4-entry-js-es5.fbb4afd0bf3fcf0fd922.js": "6ba89926721eddc0fbd3f95a78babbb3916ec91c",
    "/stencil-ion-searchbar-ios-entry-js-es2015.59294e32a79c50d33688.js": "f664f5f81756d91d93f390cee58536c2710bce3f",
    "/stencil-ion-searchbar-ios-entry-js-es5.59294e32a79c50d33688.js": "dce7d062d19a5b6a18063088d6f3b37269176aab",
    "/stencil-ion-searchbar-md-entry-js-es2015.84c11deb92cf8869147d.js": "ed091051d570de5da19b4efa70b190bb43ade751",
    "/stencil-ion-searchbar-md-entry-js-es5.84c11deb92cf8869147d.js": "15c5e7c631293579771848c6551770eecc9ed595",
    "/stencil-ion-segment_2-ios-entry-js-es2015.7a93ee924f2d4b7182d9.js": "04ed7676c4b4b419f261381f00debd414c1cb45d",
    "/stencil-ion-segment_2-ios-entry-js-es5.7a93ee924f2d4b7182d9.js": "7b90a2b17bdb9e990cb39bce8877080921ce663e",
    "/stencil-ion-segment_2-md-entry-js-es2015.0c407f90a595b14ea9dc.js": "9d88427896a5ff369426212a6d2ff057ab78409b",
    "/stencil-ion-segment_2-md-entry-js-es5.0c407f90a595b14ea9dc.js": "9d98d6b390ea8e0435e4e3d9c62c96032855e578",
    "/stencil-ion-select_3-ios-entry-js-es2015.fdb80304171b3f3aebcb.js": "7d0d1655c43397cfcacc19b323c294c77deb5ce0",
    "/stencil-ion-select_3-ios-entry-js-es5.fdb80304171b3f3aebcb.js": "766c1029f63a7c7732b0775bc10c9982091c36e6",
    "/stencil-ion-select_3-md-entry-js-es2015.72f02fca80c8e37dba2f.js": "a0fa5a4eb3d7cf173d40822bb72cafc774fa9647",
    "/stencil-ion-select_3-md-entry-js-es5.72f02fca80c8e37dba2f.js": "3b8587afbc32cb8a7a644c948283c8534ddaf075",
    "/stencil-ion-slide_2-ios-entry-js-es2015.0da854ffe55a91ad84b8.js": "d18afca0523c616d4f4d924956530802fdb1457b",
    "/stencil-ion-slide_2-ios-entry-js-es5.0da854ffe55a91ad84b8.js": "b9983c34722687df907346ebf608982b5938e01f",
    "/stencil-ion-slide_2-md-entry-js-es2015.5aa42ce17448578297d6.js": "e38325f6433695e1f6f04ac245e0ceb51afc3749",
    "/stencil-ion-slide_2-md-entry-js-es5.5aa42ce17448578297d6.js": "d8f17624d7c9d980e40ef8c45ef2d71bfb60b264",
    "/stencil-ion-spinner-entry-js-es2015.6a72e36b6a3d869ef2d3.js": "00f10c424f2d16c655d0600c5ee71d6ba6861a80",
    "/stencil-ion-spinner-entry-js-es5.6a72e36b6a3d869ef2d3.js": "2da715b27ee0f27a16b1644b4ae9e42044589edb",
    "/stencil-ion-split-pane-ios-entry-js-es2015.31a5bb203aaa73a575a7.js": "9938a16724ab053e76f2bb1aeddadb7717dcf811",
    "/stencil-ion-split-pane-ios-entry-js-es5.31a5bb203aaa73a575a7.js": "95baad9863f990840322a06025e29292142ce5a2",
    "/stencil-ion-split-pane-md-entry-js-es2015.b0d16b66a9495cc154dd.js": "491d5f643cec4c31b3f410c62287f45d69d67670",
    "/stencil-ion-split-pane-md-entry-js-es5.b0d16b66a9495cc154dd.js": "72aa465416f148c630204731ea0f19c6f76e124b",
    "/stencil-ion-tab-bar_2-ios-entry-js-es2015.d8e4cf4076b4c3060f05.js": "67d5fac795bed2c6d1ad7f3108e90113271f46b9",
    "/stencil-ion-tab-bar_2-ios-entry-js-es5.d8e4cf4076b4c3060f05.js": "5bf034ec2c6dbf74d4157c39d69679e15b271b32",
    "/stencil-ion-tab-bar_2-md-entry-js-es2015.d4fda64e7a2c47d79844.js": "f81f1ad5b1da11779326c215067c935242366c08",
    "/stencil-ion-tab-bar_2-md-entry-js-es5.d4fda64e7a2c47d79844.js": "3864e4e3e6b88c2ffa35cf30412794415680b29f",
    "/stencil-ion-tab_2-entry-js-es2015.381a357ca120c728557c.js": "077549380c240eeab277d9eb8caaa66429a832a2",
    "/stencil-ion-tab_2-entry-js-es5.381a357ca120c728557c.js": "be598faf8443bd2541902460a08455f82f23e6f6",
    "/stencil-ion-text-entry-js-es2015.5359c6fca6ac9c5f9ed5.js": "25a80f5fced2a0c4a692b8c50b538700f196aa47",
    "/stencil-ion-text-entry-js-es5.5359c6fca6ac9c5f9ed5.js": "dd380af83ad3491186ef67b7f854d0ffddcbf397",
    "/stencil-ion-textarea-ios-entry-js-es2015.bf1c5c7416b71007dc8e.js": "7958c90192c1c2baf2eeed7405e140e6969d262b",
    "/stencil-ion-textarea-ios-entry-js-es5.bf1c5c7416b71007dc8e.js": "d3f8d1c905bc24ea570f16f874198b8ea2b4f772",
    "/stencil-ion-textarea-md-entry-js-es2015.5ab3eca253aeb5e7be0f.js": "eca0bc75ae6508fdc7d1b99c4a3a3d3647c0bd20",
    "/stencil-ion-textarea-md-entry-js-es5.5ab3eca253aeb5e7be0f.js": "081797a44f2cbdcd9dda4624d582f1fb4e67b950",
    "/stencil-ion-toast-ios-entry-js-es2015.8cf93e64c3a327cc5ab2.js": "726812bb7c17b84cfc751fcb67a4f9a0a61e860d",
    "/stencil-ion-toast-ios-entry-js-es5.8cf93e64c3a327cc5ab2.js": "158073d354c7eac283c54515e50e04424d41cc36",
    "/stencil-ion-toast-md-entry-js-es2015.70295d9b51a34372af43.js": "88c9ca6701ecd5bd3dcac3d12370c10a69c33e95",
    "/stencil-ion-toast-md-entry-js-es5.70295d9b51a34372af43.js": "281e9b6563101c61ba7f0bf59e53061b0f9a5443",
    "/stencil-ion-toggle-ios-entry-js-es2015.b25c15a670b702fb626c.js": "b7ae2a5bc2f3504a7f8702bfd7b71d42d34d18fb",
    "/stencil-ion-toggle-ios-entry-js-es5.b25c15a670b702fb626c.js": "1e3866a681c8b7959d0381e3ee1c30865a143372",
    "/stencil-ion-toggle-md-entry-js-es2015.e83a5a17290709276015.js": "be7f51ca2d7374269b4077e31ea71481b9bc11c0",
    "/stencil-ion-toggle-md-entry-js-es5.e83a5a17290709276015.js": "287fe1a1467a4befc495f72ad4c4f5df9fc3f9ed",
    "/stencil-ion-virtual-scroll-entry-js-es2015.2313cea2b2a756082ae0.js": "a166da93e095a313c656b48933e368acb732254f",
    "/stencil-ion-virtual-scroll-entry-js-es5.2313cea2b2a756082ae0.js": "c0e6033cc7d950548be6546d59893d3ca7220f94",
    "/stencil-polyfills-core-js-es2015.c2db4a0f4c03d39b8ee3.js": "6a5da27d20d069b129327fec3b4e3d6927f6c1bc",
    "/stencil-polyfills-core-js-es5.c2db4a0f4c03d39b8ee3.js": "ed557d016e7c7122faef8f8678529c09edfdbee0",
    "/stencil-polyfills-css-shim-es2015.42ba52b7927e934d1afe.js": "33db1ad65da9eda945c1dbf2725f44fa10d811db",
    "/stencil-polyfills-css-shim-es5.42ba52b7927e934d1afe.js": "1036aa6051dd044dcadb2a9a301441225874bebf",
    "/stencil-polyfills-dom-es2015.86b2a2ce1a37e48a57fe.js": "5aeb53c28ef10d89840242c0e89ae55dd60e6568",
    "/stencil-polyfills-dom-es5.86b2a2ce1a37e48a57fe.js": "5aeb53c28ef10d89840242c0e89ae55dd60e6568",
    "/styles.e1ffb0c1a71e73715d7c.css": "7afb81ae98a67568a0d9cae0b3c93646a08a30c5"
  },
  "navigationUrls": [
    {
      "positive": true,
      "regex": "^\\/.*$"
    },
    {
      "positive": false,
      "regex": "^\\/(?:.+\\/)?[^/]*\\.[^/]*$"
    },
    {
      "positive": false,
      "regex": "^\\/(?:.+\\/)?[^/]*__[^/]*$"
    },
    {
      "positive": false,
      "regex": "^\\/(?:.+\\/)?[^/]*__[^/]*\\/.*$"
    }
  ]
}